-- ============================================================================
-- SEED DATA MIGRATION
-- ============================================================================
-- Populates the database with realistic test data for development.
-- Data: 2 Tenants, 5 Inboxes, 15 Operators, 50 Conversations, 12 Labels
-- ============================================================================

-- TENANTS (2)
INSERT INTO tenants (id, name, priority_weight_alpha, priority_weight_beta, created_at, updated_at) VALUES
    ('10000000-0000-0000-0000-000000000001', 'Acme Corp', 0.6000, 0.4000, NOW() - INTERVAL '90 days', NOW()),
    ('10000000-0000-0000-0000-000000000002', 'TechStart Inc', 0.5000, 0.5000, NOW() - INTERVAL '60 days', NOW());

-- INBOXES (5)
INSERT INTO inboxes (id, tenant_id, phone_number, display_name, created_at, updated_at) VALUES
    ('20000000-0000-0000-0000-000000000001', '10000000-0000-0000-0000-000000000001', '+15551234001', 'Acme Sales', NOW() - INTERVAL '85 days', NOW()),
    ('20000000-0000-0000-0000-000000000002', '10000000-0000-0000-0000-000000000001', '+15551234002', 'Acme Support', NOW() - INTERVAL '85 days', NOW()),
    ('20000000-0000-0000-0000-000000000003', '10000000-0000-0000-0000-000000000001', '+15551234003', 'Acme Billing', NOW() - INTERVAL '60 days', NOW()),
    ('20000000-0000-0000-0000-000000000004', '10000000-0000-0000-0000-000000000002', '+15559876001', 'TechStart General', NOW() - INTERVAL '55 days', NOW()),
    ('20000000-0000-0000-0000-000000000005', '10000000-0000-0000-0000-000000000002', '+15559876002', 'TechStart VIP', NOW() - INTERVAL '45 days', NOW());

-- OPERATORS (15)
INSERT INTO operators (id, tenant_id, role, created_at, updated_at) VALUES
    ('30000000-0000-0000-0000-000000000001', '10000000-0000-0000-0000-000000000001', 'ADMIN', NOW() - INTERVAL '90 days', NOW()),
    ('30000000-0000-0000-0000-000000000002', '10000000-0000-0000-0000-000000000001', 'MANAGER', NOW() - INTERVAL '85 days', NOW()),
    ('30000000-0000-0000-0000-000000000003', '10000000-0000-0000-0000-000000000001', 'MANAGER', NOW() - INTERVAL '80 days', NOW()),
    ('30000000-0000-0000-0000-000000000004', '10000000-0000-0000-0000-000000000001', 'OPERATOR', NOW() - INTERVAL '75 days', NOW()),
    ('30000000-0000-0000-0000-000000000005', '10000000-0000-0000-0000-000000000001', 'OPERATOR', NOW() - INTERVAL '70 days', NOW()),
    ('30000000-0000-0000-0000-000000000006', '10000000-0000-0000-0000-000000000001', 'OPERATOR', NOW() - INTERVAL '65 days', NOW()),
    ('30000000-0000-0000-0000-000000000007', '10000000-0000-0000-0000-000000000001', 'OPERATOR', NOW() - INTERVAL '60 days', NOW()),
    ('30000000-0000-0000-0000-000000000008', '10000000-0000-0000-0000-000000000001', 'OPERATOR', NOW() - INTERVAL '55 days', NOW()),
    ('30000000-0000-0000-0000-000000000009', '10000000-0000-0000-0000-000000000001', 'OPERATOR', NOW() - INTERVAL '50 days', NOW()),
    ('30000000-0000-0000-0000-000000000010', '10000000-0000-0000-0000-000000000001', 'OPERATOR', NOW() - INTERVAL '45 days', NOW()),
    ('30000000-0000-0000-0000-000000000011', '10000000-0000-0000-0000-000000000002', 'ADMIN', NOW() - INTERVAL '60 days', NOW()),
    ('30000000-0000-0000-0000-000000000012', '10000000-0000-0000-0000-000000000002', 'MANAGER', NOW() - INTERVAL '55 days', NOW()),
    ('30000000-0000-0000-0000-000000000013', '10000000-0000-0000-0000-000000000002', 'OPERATOR', NOW() - INTERVAL '50 days', NOW()),
    ('30000000-0000-0000-0000-000000000014', '10000000-0000-0000-0000-000000000002', 'OPERATOR', NOW() - INTERVAL '45 days', NOW()),
    ('30000000-0000-0000-0000-000000000015', '10000000-0000-0000-0000-000000000002', 'OPERATOR', NOW() - INTERVAL '40 days', NOW());

-- OPERATOR_INBOX_SUBSCRIPTIONS (22)
INSERT INTO operator_inbox_subscriptions (id, operator_id, inbox_id, created_at) VALUES
    ('40000000-0000-0000-0000-000000000001', '30000000-0000-0000-0000-000000000001', '20000000-0000-0000-0000-000000000001', NOW() - INTERVAL '90 days'),
    ('40000000-0000-0000-0000-000000000002', '30000000-0000-0000-0000-000000000001', '20000000-0000-0000-0000-000000000002', NOW() - INTERVAL '90 days'),
    ('40000000-0000-0000-0000-000000000003', '30000000-0000-0000-0000-000000000001', '20000000-0000-0000-0000-000000000003', NOW() - INTERVAL '60 days'),
    ('40000000-0000-0000-0000-000000000004', '30000000-0000-0000-0000-000000000002', '20000000-0000-0000-0000-000000000001', NOW() - INTERVAL '85 days'),
    ('40000000-0000-0000-0000-000000000005', '30000000-0000-0000-0000-000000000002', '20000000-0000-0000-0000-000000000002', NOW() - INTERVAL '85 days'),
    ('40000000-0000-0000-0000-000000000006', '30000000-0000-0000-0000-000000000003', '20000000-0000-0000-0000-000000000002', NOW() - INTERVAL '80 days'),
    ('40000000-0000-0000-0000-000000000007', '30000000-0000-0000-0000-000000000003', '20000000-0000-0000-0000-000000000003', NOW() - INTERVAL '80 days'),
    ('40000000-0000-0000-0000-000000000008', '30000000-0000-0000-0000-000000000004', '20000000-0000-0000-0000-000000000001', NOW() - INTERVAL '75 days'),
    ('40000000-0000-0000-0000-000000000009', '30000000-0000-0000-0000-000000000005', '20000000-0000-0000-0000-000000000001', NOW() - INTERVAL '70 days'),
    ('40000000-0000-0000-0000-000000000010', '30000000-0000-0000-0000-000000000006', '20000000-0000-0000-0000-000000000001', NOW() - INTERVAL '65 days'),
    ('40000000-0000-0000-0000-000000000011', '30000000-0000-0000-0000-000000000007', '20000000-0000-0000-0000-000000000002', NOW() - INTERVAL '60 days'),
    ('40000000-0000-0000-0000-000000000012', '30000000-0000-0000-0000-000000000008', '20000000-0000-0000-0000-000000000002', NOW() - INTERVAL '55 days'),
    ('40000000-0000-0000-0000-000000000013', '30000000-0000-0000-0000-000000000009', '20000000-0000-0000-0000-000000000002', NOW() - INTERVAL '50 days'),
    ('40000000-0000-0000-0000-000000000014', '30000000-0000-0000-0000-000000000010', '20000000-0000-0000-0000-000000000003', NOW() - INTERVAL '45 days'),
    ('40000000-0000-0000-0000-000000000015', '30000000-0000-0000-0000-000000000011', '20000000-0000-0000-0000-000000000004', NOW() - INTERVAL '60 days'),
    ('40000000-0000-0000-0000-000000000016', '30000000-0000-0000-0000-000000000011', '20000000-0000-0000-0000-000000000005', NOW() - INTERVAL '60 days'),
    ('40000000-0000-0000-0000-000000000017', '30000000-0000-0000-0000-000000000012', '20000000-0000-0000-0000-000000000004', NOW() - INTERVAL '55 days'),
    ('40000000-0000-0000-0000-000000000018', '30000000-0000-0000-0000-000000000012', '20000000-0000-0000-0000-000000000005', NOW() - INTERVAL '55 days'),
    ('40000000-0000-0000-0000-000000000019', '30000000-0000-0000-0000-000000000013', '20000000-0000-0000-0000-000000000004', NOW() - INTERVAL '50 days'),
    ('40000000-0000-0000-0000-000000000020', '30000000-0000-0000-0000-000000000014', '20000000-0000-0000-0000-000000000004', NOW() - INTERVAL '45 days'),
    ('40000000-0000-0000-0000-000000000021', '30000000-0000-0000-0000-000000000014', '20000000-0000-0000-0000-000000000005', NOW() - INTERVAL '45 days'),
    ('40000000-0000-0000-0000-000000000022', '30000000-0000-0000-0000-000000000015', '20000000-0000-0000-0000-000000000005', NOW() - INTERVAL '40 days');

-- OPERATOR_STATUS (15)
INSERT INTO operator_status (id, operator_id, status, last_status_change_at) VALUES
    ('50000000-0000-0000-0000-000000000001', '30000000-0000-0000-0000-000000000001', 'AVAILABLE', NOW() - INTERVAL '2 hours'),
    ('50000000-0000-0000-0000-000000000002', '30000000-0000-0000-0000-000000000002', 'AVAILABLE', NOW() - INTERVAL '1 hour'),
    ('50000000-0000-0000-0000-000000000003', '30000000-0000-0000-0000-000000000003', 'OFFLINE', NOW() - INTERVAL '30 minutes'),
    ('50000000-0000-0000-0000-000000000004', '30000000-0000-0000-0000-000000000004', 'AVAILABLE', NOW() - INTERVAL '45 minutes'),
    ('50000000-0000-0000-0000-000000000005', '30000000-0000-0000-0000-000000000005', 'AVAILABLE', NOW() - INTERVAL '3 hours'),
    ('50000000-0000-0000-0000-000000000006', '30000000-0000-0000-0000-000000000006', 'OFFLINE', NOW() - INTERVAL '4 hours'),
    ('50000000-0000-0000-0000-000000000007', '30000000-0000-0000-0000-000000000007', 'AVAILABLE', NOW() - INTERVAL '20 minutes'),
    ('50000000-0000-0000-0000-000000000008', '30000000-0000-0000-0000-000000000008', 'AVAILABLE', NOW() - INTERVAL '15 minutes'),
    ('50000000-0000-0000-0000-000000000009', '30000000-0000-0000-0000-000000000009', 'OFFLINE', NOW() - INTERVAL '6 hours'),
    ('50000000-0000-0000-0000-000000000010', '30000000-0000-0000-0000-000000000010', 'AVAILABLE', NOW() - INTERVAL '1 hour'),
    ('50000000-0000-0000-0000-000000000011', '30000000-0000-0000-0000-000000000011', 'AVAILABLE', NOW() - INTERVAL '30 minutes'),
    ('50000000-0000-0000-0000-000000000012', '30000000-0000-0000-0000-000000000012', 'AVAILABLE', NOW() - INTERVAL '1 hour'),
    ('50000000-0000-0000-0000-000000000013', '30000000-0000-0000-0000-000000000013', 'OFFLINE', NOW() - INTERVAL '2 hours'),
    ('50000000-0000-0000-0000-000000000014', '30000000-0000-0000-0000-000000000014', 'AVAILABLE', NOW() - INTERVAL '45 minutes'),
    ('50000000-0000-0000-0000-000000000015', '30000000-0000-0000-0000-000000000015', 'AVAILABLE', NOW() - INTERVAL '10 minutes');

-- LABELS (12)
INSERT INTO labels (id, tenant_id, inbox_id, name, color, created_by, created_at) VALUES
    ('60000000-0000-0000-0000-000000000001', '10000000-0000-0000-0000-000000000001', '20000000-0000-0000-0000-000000000001', 'Hot Lead', '#FF5733', '30000000-0000-0000-0000-000000000002', NOW() - INTERVAL '80 days'),
    ('60000000-0000-0000-0000-000000000002', '10000000-0000-0000-0000-000000000001', '20000000-0000-0000-0000-000000000001', 'Follow Up', '#33A1FF', '30000000-0000-0000-0000-000000000002', NOW() - INTERVAL '75 days'),
    ('60000000-0000-0000-0000-000000000003', '10000000-0000-0000-0000-000000000001', '20000000-0000-0000-0000-000000000001', 'Enterprise', '#9B59B6', '30000000-0000-0000-0000-000000000001', NOW() - INTERVAL '70 days'),
    ('60000000-0000-0000-0000-000000000004', '10000000-0000-0000-0000-000000000001', '20000000-0000-0000-0000-000000000002', 'Urgent', '#E74C3C', '30000000-0000-0000-0000-000000000003', NOW() - INTERVAL '80 days'),
    ('60000000-0000-0000-0000-000000000005', '10000000-0000-0000-0000-000000000001', '20000000-0000-0000-0000-000000000002', 'Bug Report', '#F39C12', '30000000-0000-0000-0000-000000000003', NOW() - INTERVAL '75 days'),
    ('60000000-0000-0000-0000-000000000006', '10000000-0000-0000-0000-000000000001', '20000000-0000-0000-0000-000000000002', 'Feature Request', '#27AE60', '30000000-0000-0000-0000-000000000003', NOW() - INTERVAL '70 days'),
    ('60000000-0000-0000-0000-000000000007', '10000000-0000-0000-0000-000000000001', '20000000-0000-0000-0000-000000000003', 'Refund', '#C0392B', '30000000-0000-0000-0000-000000000001', NOW() - INTERVAL '55 days'),
    ('60000000-0000-0000-0000-000000000008', '10000000-0000-0000-0000-000000000001', '20000000-0000-0000-0000-000000000003', 'Invoice Issue', '#8E44AD', '30000000-0000-0000-0000-000000000001', NOW() - INTERVAL '50 days'),
    ('60000000-0000-0000-0000-000000000009', '10000000-0000-0000-0000-000000000002', '20000000-0000-0000-0000-000000000004', 'New Customer', '#2ECC71', '30000000-0000-0000-0000-000000000011', NOW() - INTERVAL '50 days'),
    ('60000000-0000-0000-0000-000000000010', '10000000-0000-0000-0000-000000000002', '20000000-0000-0000-0000-000000000004', 'Technical', '#3498DB', '30000000-0000-0000-0000-000000000012', NOW() - INTERVAL '45 days'),
    ('60000000-0000-0000-0000-000000000011', '10000000-0000-0000-0000-000000000002', '20000000-0000-0000-0000-000000000005', 'Priority', '#E74C3C', '30000000-0000-0000-0000-000000000011', NOW() - INTERVAL '40 days'),
    ('60000000-0000-0000-0000-000000000012', '10000000-0000-0000-0000-000000000002', '20000000-0000-0000-0000-000000000005', 'Escalated', '#9B59B6', '30000000-0000-0000-0000-000000000012', NOW() - INTERVAL '35 days');

-- CONVERSATION_REFS (50) - Mix of QUEUED, ALLOCATED, RESOLVED states
-- Acme Sales (15)
INSERT INTO conversation_refs (id, tenant_id, inbox_id, external_conversation_id, customer_phone_number, state, assigned_operator_id, last_message_at, message_count, priority_score, created_at, updated_at, resolved_at) VALUES
    ('70000000-0000-0000-0000-000000000001', '10000000-0000-0000-0000-000000000001', '20000000-0000-0000-0000-000000000001', 'ext-001', '+14155551001', 'QUEUED', NULL, NOW() - INTERVAL '5 min', 3, 0.75, NOW() - INTERVAL '2 hours', NOW(), NULL),
    ('70000000-0000-0000-0000-000000000002', '10000000-0000-0000-0000-000000000001', '20000000-0000-0000-0000-000000000001', 'ext-002', '+14155551002', 'QUEUED', NULL, NOW() - INTERVAL '15 min', 5, 0.85, NOW() - INTERVAL '3 hours', NOW(), NULL),
    ('70000000-0000-0000-0000-000000000003', '10000000-0000-0000-0000-000000000001', '20000000-0000-0000-0000-000000000001', 'ext-003', '+14155551003', 'QUEUED', NULL, NOW() - INTERVAL '30 min', 2, 0.55, NOW() - INTERVAL '1 hour', NOW(), NULL),
    ('70000000-0000-0000-0000-000000000004', '10000000-0000-0000-0000-000000000001', '20000000-0000-0000-0000-000000000001', 'ext-004', '+14155551004', 'QUEUED', NULL, NOW() - INTERVAL '1 hour', 8, 0.92, NOW() - INTERVAL '4 hours', NOW(), NULL),
    ('70000000-0000-0000-0000-000000000005', '10000000-0000-0000-0000-000000000001', '20000000-0000-0000-0000-000000000001', 'ext-005', '+14155551005', 'ALLOCATED', '30000000-0000-0000-0000-000000000004', NOW() - INTERVAL '10 min', 4, 0.78, NOW() - INTERVAL '5 hours', NOW(), NULL),
    ('70000000-0000-0000-0000-000000000006', '10000000-0000-0000-0000-000000000001', '20000000-0000-0000-0000-000000000001', 'ext-006', '+14155551006', 'ALLOCATED', '30000000-0000-0000-0000-000000000005', NOW() - INTERVAL '20 min', 6, 0.81, NOW() - INTERVAL '6 hours', NOW(), NULL),
    ('70000000-0000-0000-0000-000000000007', '10000000-0000-0000-0000-000000000001', '20000000-0000-0000-0000-000000000001', 'ext-007', '+14155551007', 'ALLOCATED', '30000000-0000-0000-0000-000000000004', NOW() - INTERVAL '45 min', 3, 0.68, NOW() - INTERVAL '3 hours', NOW(), NULL),
    ('70000000-0000-0000-0000-000000000008', '10000000-0000-0000-0000-000000000001', '20000000-0000-0000-0000-000000000001', 'ext-008', '+14155551008', 'RESOLVED', '30000000-0000-0000-0000-000000000004', NOW() - INTERVAL '1 day', 12, 0.95, NOW() - INTERVAL '2 days', NOW(), NOW() - INTERVAL '1 day'),
    ('70000000-0000-0000-0000-000000000009', '10000000-0000-0000-0000-000000000001', '20000000-0000-0000-0000-000000000001', 'ext-009', '+14155551009', 'RESOLVED', '30000000-0000-0000-0000-000000000005', NOW() - INTERVAL '2 days', 8, 0.88, NOW() - INTERVAL '3 days', NOW(), NOW() - INTERVAL '2 days'),
    ('70000000-0000-0000-0000-000000000010', '10000000-0000-0000-0000-000000000001', '20000000-0000-0000-0000-000000000001', 'ext-010', '+14155551010', 'RESOLVED', '30000000-0000-0000-0000-000000000006', NOW() - INTERVAL '3 days', 5, 0.72, NOW() - INTERVAL '4 days', NOW(), NOW() - INTERVAL '3 days'),
    ('70000000-0000-0000-0000-000000000011', '10000000-0000-0000-0000-000000000001', '20000000-0000-0000-0000-000000000001', 'ext-011', '+14155551011', 'RESOLVED', '30000000-0000-0000-0000-000000000004', NOW() - INTERVAL '5 days', 15, 0.98, NOW() - INTERVAL '7 days', NOW(), NOW() - INTERVAL '5 days'),
    ('70000000-0000-0000-0000-000000000012', '10000000-0000-0000-0000-000000000001', '20000000-0000-0000-0000-000000000001', 'ext-012', '+14155551012', 'RESOLVED', '30000000-0000-0000-0000-000000000005', NOW() - INTERVAL '1 week', 7, 0.83, NOW() - INTERVAL '10 days', NOW(), NOW() - INTERVAL '1 week'),
    ('70000000-0000-0000-0000-000000000013', '10000000-0000-0000-0000-000000000001', '20000000-0000-0000-0000-000000000001', 'ext-013', '+14155551013', 'RESOLVED', '30000000-0000-0000-0000-000000000006', NOW() - INTERVAL '2 weeks', 4, 0.65, NOW() - INTERVAL '3 weeks', NOW(), NOW() - INTERVAL '2 weeks'),
    ('70000000-0000-0000-0000-000000000014', '10000000-0000-0000-0000-000000000001', '20000000-0000-0000-0000-000000000001', 'ext-014', '+14155551014', 'RESOLVED', '30000000-0000-0000-0000-000000000004', NOW() - INTERVAL '3 weeks', 9, 0.89, NOW() - INTERVAL '1 month', NOW(), NOW() - INTERVAL '3 weeks'),
    ('70000000-0000-0000-0000-000000000015', '10000000-0000-0000-0000-000000000001', '20000000-0000-0000-0000-000000000001', 'ext-015', '+14155551015', 'RESOLVED', '30000000-0000-0000-0000-000000000005', NOW() - INTERVAL '1 month', 11, 0.91, NOW() - INTERVAL '6 weeks', NOW(), NOW() - INTERVAL '1 month');

-- Acme Support (15)
INSERT INTO conversation_refs (id, tenant_id, inbox_id, external_conversation_id, customer_phone_number, state, assigned_operator_id, last_message_at, message_count, priority_score, created_at, updated_at, resolved_at) VALUES
    ('70000000-0000-0000-0000-000000000016', '10000000-0000-0000-0000-000000000001', '20000000-0000-0000-0000-000000000002', 'ext-016', '+14155552001', 'QUEUED', NULL, NOW() - INTERVAL '3 min', 2, 0.62, NOW() - INTERVAL '30 min', NOW(), NULL),
    ('70000000-0000-0000-0000-000000000017', '10000000-0000-0000-0000-000000000001', '20000000-0000-0000-0000-000000000002', 'ext-017', '+14155552002', 'QUEUED', NULL, NOW() - INTERVAL '8 min', 4, 0.77, NOW() - INTERVAL '1 hour', NOW(), NULL),
    ('70000000-0000-0000-0000-000000000018', '10000000-0000-0000-0000-000000000001', '20000000-0000-0000-0000-000000000002', 'ext-018', '+14155552003', 'QUEUED', NULL, NOW() - INTERVAL '25 min', 7, 0.88, NOW() - INTERVAL '2 hours', NOW(), NULL),
    ('70000000-0000-0000-0000-000000000019', '10000000-0000-0000-0000-000000000001', '20000000-0000-0000-0000-000000000002', 'ext-019', '+14155552004', 'QUEUED', NULL, NOW() - INTERVAL '40 min', 1, 0.42, NOW() - INTERVAL '40 min', NOW(), NULL),
    ('70000000-0000-0000-0000-000000000020', '10000000-0000-0000-0000-000000000001', '20000000-0000-0000-0000-000000000002', 'ext-020', '+14155552005', 'QUEUED', NULL, NOW() - INTERVAL '1 hour', 3, 0.68, NOW() - INTERVAL '90 min', NOW(), NULL),
    ('70000000-0000-0000-0000-000000000021', '10000000-0000-0000-0000-000000000001', '20000000-0000-0000-0000-000000000002', 'ext-021', '+14155552006', 'ALLOCATED', '30000000-0000-0000-0000-000000000007', NOW() - INTERVAL '5 min', 6, 0.82, NOW() - INTERVAL '2 hours', NOW(), NULL),
    ('70000000-0000-0000-0000-000000000022', '10000000-0000-0000-0000-000000000001', '20000000-0000-0000-0000-000000000002', 'ext-022', '+14155552007', 'ALLOCATED', '30000000-0000-0000-0000-000000000008', NOW() - INTERVAL '12 min', 4, 0.73, NOW() - INTERVAL '1 hour', NOW(), NULL),
    ('70000000-0000-0000-0000-000000000023', '10000000-0000-0000-0000-000000000001', '20000000-0000-0000-0000-000000000002', 'ext-023', '+14155552008', 'ALLOCATED', '30000000-0000-0000-0000-000000000007', NOW() - INTERVAL '30 min', 8, 0.91, NOW() - INTERVAL '4 hours', NOW(), NULL),
    ('70000000-0000-0000-0000-000000000024', '10000000-0000-0000-0000-000000000001', '20000000-0000-0000-0000-000000000002', 'ext-024', '+14155552009', 'RESOLVED', '30000000-0000-0000-0000-000000000007', NOW() - INTERVAL '1 day', 10, 0.92, NOW() - INTERVAL '2 days', NOW(), NOW() - INTERVAL '1 day'),
    ('70000000-0000-0000-0000-000000000025', '10000000-0000-0000-0000-000000000001', '20000000-0000-0000-0000-000000000002', 'ext-025', '+14155552010', 'RESOLVED', '30000000-0000-0000-0000-000000000008', NOW() - INTERVAL '3 days', 6, 0.78, NOW() - INTERVAL '5 days', NOW(), NOW() - INTERVAL '3 days'),
    ('70000000-0000-0000-0000-000000000026', '10000000-0000-0000-0000-000000000001', '20000000-0000-0000-0000-000000000002', 'ext-026', '+14155552011', 'RESOLVED', '30000000-0000-0000-0000-000000000009', NOW() - INTERVAL '1 week', 14, 0.97, NOW() - INTERVAL '10 days', NOW(), NOW() - INTERVAL '1 week'),
    ('70000000-0000-0000-0000-000000000027', '10000000-0000-0000-0000-000000000001', '20000000-0000-0000-0000-000000000002', 'ext-027', '+14155552012', 'RESOLVED', '30000000-0000-0000-0000-000000000007', NOW() - INTERVAL '2 weeks', 5, 0.71, NOW() - INTERVAL '3 weeks', NOW(), NOW() - INTERVAL '2 weeks'),
    ('70000000-0000-0000-0000-000000000028', '10000000-0000-0000-0000-000000000001', '20000000-0000-0000-0000-000000000002', 'ext-028', '+14155552013', 'RESOLVED', '30000000-0000-0000-0000-000000000008', NOW() - INTERVAL '1 month', 8, 0.86, NOW() - INTERVAL '6 weeks', NOW(), NOW() - INTERVAL '1 month'),
    ('70000000-0000-0000-0000-000000000029', '10000000-0000-0000-0000-000000000001', '20000000-0000-0000-0000-000000000002', 'ext-029', '+14155552014', 'RESOLVED', '30000000-0000-0000-0000-000000000009', NOW() - INTERVAL '2 months', 11, 0.94, NOW() - INTERVAL '3 months', NOW(), NOW() - INTERVAL '2 months'),
    ('70000000-0000-0000-0000-000000000030', '10000000-0000-0000-0000-000000000001', '20000000-0000-0000-0000-000000000002', 'ext-030', '+14155552015', 'RESOLVED', '30000000-0000-0000-0000-000000000007', NOW() - INTERVAL '3 months', 9, 0.89, NOW() - INTERVAL '4 months', NOW(), NOW() - INTERVAL '3 months');

-- Acme Billing (8)
INSERT INTO conversation_refs (id, tenant_id, inbox_id, external_conversation_id, customer_phone_number, state, assigned_operator_id, last_message_at, message_count, priority_score, created_at, updated_at, resolved_at) VALUES
    ('70000000-0000-0000-0000-000000000031', '10000000-0000-0000-0000-000000000001', '20000000-0000-0000-0000-000000000003', 'ext-031', '+14155553001', 'QUEUED', NULL, NOW() - INTERVAL '10 min', 2, 0.58, NOW() - INTERVAL '1 hour', NOW(), NULL),
    ('70000000-0000-0000-0000-000000000032', '10000000-0000-0000-0000-000000000001', '20000000-0000-0000-0000-000000000003', 'ext-032', '+14155553002', 'QUEUED', NULL, NOW() - INTERVAL '35 min', 4, 0.72, NOW() - INTERVAL '2 hours', NOW(), NULL),
    ('70000000-0000-0000-0000-000000000033', '10000000-0000-0000-0000-000000000001', '20000000-0000-0000-0000-000000000003', 'ext-033', '+14155553003', 'ALLOCATED', '30000000-0000-0000-0000-000000000010', NOW() - INTERVAL '15 min', 3, 0.65, NOW() - INTERVAL '90 min', NOW(), NULL),
    ('70000000-0000-0000-0000-000000000034', '10000000-0000-0000-0000-000000000001', '20000000-0000-0000-0000-000000000003', 'ext-034', '+14155553004', 'ALLOCATED', '30000000-0000-0000-0000-000000000010', NOW() - INTERVAL '50 min', 5, 0.78, NOW() - INTERVAL '3 hours', NOW(), NULL),
    ('70000000-0000-0000-0000-000000000035', '10000000-0000-0000-0000-000000000001', '20000000-0000-0000-0000-000000000003', 'ext-035', '+14155553005', 'RESOLVED', '30000000-0000-0000-0000-000000000010', NOW() - INTERVAL '2 days', 7, 0.83, NOW() - INTERVAL '4 days', NOW(), NOW() - INTERVAL '2 days'),
    ('70000000-0000-0000-0000-000000000036', '10000000-0000-0000-0000-000000000001', '20000000-0000-0000-0000-000000000003', 'ext-036', '+14155553006', 'RESOLVED', '30000000-0000-0000-0000-000000000010', NOW() - INTERVAL '1 week', 4, 0.69, NOW() - INTERVAL '2 weeks', NOW(), NOW() - INTERVAL '1 week'),
    ('70000000-0000-0000-0000-000000000037', '10000000-0000-0000-0000-000000000001', '20000000-0000-0000-0000-000000000003', 'ext-037', '+14155553007', 'RESOLVED', '30000000-0000-0000-0000-000000000010', NOW() - INTERVAL '3 weeks', 9, 0.90, NOW() - INTERVAL '1 month', NOW(), NOW() - INTERVAL '3 weeks'),
    ('70000000-0000-0000-0000-000000000038', '10000000-0000-0000-0000-000000000001', '20000000-0000-0000-0000-000000000003', 'ext-038', '+14155553008', 'RESOLVED', '30000000-0000-0000-0000-000000000010', NOW() - INTERVAL '2 months', 6, 0.76, NOW() - INTERVAL '3 months', NOW(), NOW() - INTERVAL '2 months');

-- TechStart General (8)
INSERT INTO conversation_refs (id, tenant_id, inbox_id, external_conversation_id, customer_phone_number, state, assigned_operator_id, last_message_at, message_count, priority_score, created_at, updated_at, resolved_at) VALUES
    ('70000000-0000-0000-0000-000000000039', '10000000-0000-0000-0000-000000000002', '20000000-0000-0000-0000-000000000004', 'ext-039', '+14155554001', 'QUEUED', NULL, NOW() - INTERVAL '7 min', 2, 0.55, NOW() - INTERVAL '45 min', NOW(), NULL),
    ('70000000-0000-0000-0000-000000000040', '10000000-0000-0000-0000-000000000002', '20000000-0000-0000-0000-000000000004', 'ext-040', '+14155554002', 'QUEUED', NULL, NOW() - INTERVAL '22 min', 3, 0.67, NOW() - INTERVAL '1 hour', NOW(), NULL),
    ('70000000-0000-0000-0000-000000000041', '10000000-0000-0000-0000-000000000002', '20000000-0000-0000-0000-000000000004', 'ext-041', '+14155554003', 'QUEUED', NULL, NOW() - INTERVAL '55 min', 5, 0.78, NOW() - INTERVAL '2 hours', NOW(), NULL),
    ('70000000-0000-0000-0000-000000000042', '10000000-0000-0000-0000-000000000002', '20000000-0000-0000-0000-000000000004', 'ext-042', '+14155554004', 'ALLOCATED', '30000000-0000-0000-0000-000000000013', NOW() - INTERVAL '18 min', 4, 0.72, NOW() - INTERVAL '90 min', NOW(), NULL),
    ('70000000-0000-0000-0000-000000000043', '10000000-0000-0000-0000-000000000002', '20000000-0000-0000-0000-000000000004', 'ext-043', '+14155554005', 'ALLOCATED', '30000000-0000-0000-0000-000000000014', NOW() - INTERVAL '35 min', 6, 0.81, NOW() - INTERVAL '3 hours', NOW(), NULL),
    ('70000000-0000-0000-0000-000000000044', '10000000-0000-0000-0000-000000000002', '20000000-0000-0000-0000-000000000004', 'ext-044', '+14155554006', 'RESOLVED', '30000000-0000-0000-0000-000000000013', NOW() - INTERVAL '1 day', 8, 0.87, NOW() - INTERVAL '3 days', NOW(), NOW() - INTERVAL '1 day'),
    ('70000000-0000-0000-0000-000000000045', '10000000-0000-0000-0000-000000000002', '20000000-0000-0000-0000-000000000004', 'ext-045', '+14155554007', 'RESOLVED', '30000000-0000-0000-0000-000000000014', NOW() - INTERVAL '4 days', 5, 0.73, NOW() - INTERVAL '1 week', NOW(), NOW() - INTERVAL '4 days'),
    ('70000000-0000-0000-0000-000000000046', '10000000-0000-0000-0000-000000000002', '20000000-0000-0000-0000-000000000004', 'ext-046', '+14155554008', 'RESOLVED', '30000000-0000-0000-0000-000000000013', NOW() - INTERVAL '2 weeks', 10, 0.91, NOW() - INTERVAL '3 weeks', NOW(), NOW() - INTERVAL '2 weeks');

-- TechStart VIP (4)
INSERT INTO conversation_refs (id, tenant_id, inbox_id, external_conversation_id, customer_phone_number, state, assigned_operator_id, last_message_at, message_count, priority_score, created_at, updated_at, resolved_at) VALUES
    ('70000000-0000-0000-0000-000000000047', '10000000-0000-0000-0000-000000000002', '20000000-0000-0000-0000-000000000005', 'ext-047', '+14155555001', 'QUEUED', NULL, NOW() - INTERVAL '4 min', 3, 0.69, NOW() - INTERVAL '30 min', NOW(), NULL),
    ('70000000-0000-0000-0000-000000000048', '10000000-0000-0000-0000-000000000002', '20000000-0000-0000-0000-000000000005', 'ext-048', '+14155555002', 'ALLOCATED', '30000000-0000-0000-0000-000000000014', NOW() - INTERVAL '12 min', 5, 0.80, NOW() - INTERVAL '1 hour', NOW(), NULL),
    ('70000000-0000-0000-0000-000000000049', '10000000-0000-0000-0000-000000000002', '20000000-0000-0000-0000-000000000005', 'ext-049', '+14155555003', 'ALLOCATED', '30000000-0000-0000-0000-000000000015', NOW() - INTERVAL '28 min', 7, 0.88, NOW() - INTERVAL '2 hours', NOW(), NULL),
    ('70000000-0000-0000-0000-000000000050', '10000000-0000-0000-0000-000000000002', '20000000-0000-0000-0000-000000000005', 'ext-050', '+14155555004', 'RESOLVED', '30000000-0000-0000-0000-000000000015', NOW() - INTERVAL '2 days', 9, 0.92, NOW() - INTERVAL '5 days', NOW(), NOW() - INTERVAL '2 days');

-- CONVERSATION_LABELS (25)
INSERT INTO conversation_labels (id, conversation_id, label_id, created_at) VALUES
    ('80000000-0000-0000-0000-000000000001', '70000000-0000-0000-0000-000000000001', '60000000-0000-0000-0000-000000000001', NOW() - INTERVAL '2 hours'),
    ('80000000-0000-0000-0000-000000000002', '70000000-0000-0000-0000-000000000002', '60000000-0000-0000-0000-000000000001', NOW() - INTERVAL '3 hours'),
    ('80000000-0000-0000-0000-000000000003', '70000000-0000-0000-0000-000000000002', '60000000-0000-0000-0000-000000000003', NOW() - INTERVAL '3 hours'),
    ('80000000-0000-0000-0000-000000000004', '70000000-0000-0000-0000-000000000004', '60000000-0000-0000-0000-000000000003', NOW() - INTERVAL '4 hours'),
    ('80000000-0000-0000-0000-000000000005', '70000000-0000-0000-0000-000000000005', '60000000-0000-0000-0000-000000000002', NOW() - INTERVAL '5 hours'),
    ('80000000-0000-0000-0000-000000000006', '70000000-0000-0000-0000-000000000016', '60000000-0000-0000-0000-000000000004', NOW() - INTERVAL '30 min'),
    ('80000000-0000-0000-0000-000000000007', '70000000-0000-0000-0000-000000000017', '60000000-0000-0000-0000-000000000005', NOW() - INTERVAL '1 hour'),
    ('80000000-0000-0000-0000-000000000008', '70000000-0000-0000-0000-000000000018', '60000000-0000-0000-0000-000000000004', NOW() - INTERVAL '2 hours'),
    ('80000000-0000-0000-0000-000000000009', '70000000-0000-0000-0000-000000000018', '60000000-0000-0000-0000-000000000005', NOW() - INTERVAL '2 hours'),
    ('80000000-0000-0000-0000-000000000010', '70000000-0000-0000-0000-000000000021', '60000000-0000-0000-0000-000000000006', NOW() - INTERVAL '2 hours'),
    ('80000000-0000-0000-0000-000000000011', '70000000-0000-0000-0000-000000000031', '60000000-0000-0000-0000-000000000008', NOW() - INTERVAL '1 hour'),
    ('80000000-0000-0000-0000-000000000012', '70000000-0000-0000-0000-000000000033', '60000000-0000-0000-0000-000000000007', NOW() - INTERVAL '90 min'),
    ('80000000-0000-0000-0000-000000000013', '70000000-0000-0000-0000-000000000035', '60000000-0000-0000-0000-000000000007', NOW() - INTERVAL '2 days'),
    ('80000000-0000-0000-0000-000000000014', '70000000-0000-0000-0000-000000000039', '60000000-0000-0000-0000-000000000009', NOW() - INTERVAL '45 min'),
    ('80000000-0000-0000-0000-000000000015', '70000000-0000-0000-0000-000000000041', '60000000-0000-0000-0000-000000000010', NOW() - INTERVAL '2 hours'),
    ('80000000-0000-0000-0000-000000000016', '70000000-0000-0000-0000-000000000042', '60000000-0000-0000-0000-000000000009', NOW() - INTERVAL '90 min'),
    ('80000000-0000-0000-0000-000000000017', '70000000-0000-0000-0000-000000000044', '60000000-0000-0000-0000-000000000010', NOW() - INTERVAL '1 day'),
    ('80000000-0000-0000-0000-000000000018', '70000000-0000-0000-0000-000000000047', '60000000-0000-0000-0000-000000000011', NOW() - INTERVAL '30 min'),
    ('80000000-0000-0000-0000-000000000019', '70000000-0000-0000-0000-000000000048', '60000000-0000-0000-0000-000000000011', NOW() - INTERVAL '1 hour'),
    ('80000000-0000-0000-0000-000000000020', '70000000-0000-0000-0000-000000000049', '60000000-0000-0000-0000-000000000012', NOW() - INTERVAL '2 hours'),
    ('80000000-0000-0000-0000-000000000021', '70000000-0000-0000-0000-000000000050', '60000000-0000-0000-0000-000000000011', NOW() - INTERVAL '2 days'),
    ('80000000-0000-0000-0000-000000000022', '70000000-0000-0000-0000-000000000008', '60000000-0000-0000-0000-000000000003', NOW() - INTERVAL '1 day'),
    ('80000000-0000-0000-0000-000000000023', '70000000-0000-0000-0000-000000000024', '60000000-0000-0000-0000-000000000005', NOW() - INTERVAL '1 day'),
    ('80000000-0000-0000-0000-000000000024', '70000000-0000-0000-0000-000000000026', '60000000-0000-0000-0000-000000000004', NOW() - INTERVAL '1 week'),
    ('80000000-0000-0000-0000-000000000025', '70000000-0000-0000-0000-000000000026', '60000000-0000-0000-0000-000000000006', NOW() - INTERVAL '1 week');

-- GRACE_PERIOD_ASSIGNMENTS (5) - For operators who went offline with active conversations
INSERT INTO grace_period_assignments (id, conversation_id, operator_id, expires_at, reason, created_at) VALUES
    ('90000000-0000-0000-0000-000000000001', '70000000-0000-0000-0000-000000000007', '30000000-0000-0000-0000-000000000004', NOW() + INTERVAL '3 min', 'OFFLINE', NOW() - INTERVAL '2 min'),
    ('90000000-0000-0000-0000-000000000002', '70000000-0000-0000-0000-000000000023', '30000000-0000-0000-0000-000000000007', NOW() + INTERVAL '4 min', 'OFFLINE', NOW() - INTERVAL '1 min'),
    ('90000000-0000-0000-0000-000000000003', '70000000-0000-0000-0000-000000000034', '30000000-0000-0000-0000-000000000010', NOW() + INTERVAL '2 min', 'MANUAL', NOW() - INTERVAL '3 min'),
    ('90000000-0000-0000-0000-000000000004', '70000000-0000-0000-0000-000000000043', '30000000-0000-0000-0000-000000000014', NOW() + INTERVAL '5 min', 'OFFLINE', NOW() - INTERVAL '30 seconds'),
    ('90000000-0000-0000-0000-000000000005', '70000000-0000-0000-0000-000000000049', '30000000-0000-0000-0000-000000000015', NOW() + INTERVAL '1 min', 'OFFLINE', NOW() - INTERVAL '4 min');
